{"is_source_file": false, "format": "", "description": "", "external_files": [], "external_methods": [], "published": [], "classes": [], "methods": [], "calls": [], "search-terms": [], "state": 2, "file_id": 6, "knowledge_revision": 9, "git_revision": "b1effeda80093bb7f34446d02381398c4fa2f549", "hash": "0c9f36dfd1a6dee9fa952c06ab7d9563", "format-version": 4, "code-base-name": "messenger_database", "filename": "messenger_database/db_visualizer/package.json", "revision_history": [{"9": "b1effeda80093bb7f34446d02381398c4fa2f549"}]}