{"is_source_file": true, "format": "bash shell script", "description": "This script automates restoring a database from various types of backups, including SQLite, PostgreSQL, MySQL, and MongoDB. It detects backup files and attempts appropriate restore commands depending on the available backup and database system.", "external_files": ["database_backup.db", "database_backup.sql", "database_backup.archive"], "external_methods": ["pg_isready", "psql", "mysqladmin", "mysql", "mongosh", "mongorestore", "sudo"], "published": [], "classes": [], "methods": [], "calls": ["ls /usr/lib/postgresql/", "sudo -u postgres pg_isready", "psql", "mysqladmin", "mysql", "mongosh", "mongorestore", "sudo mysql"], "search-terms": ["restore_db.sh", "database restore script", "PostgreSQL restore", "MySQL restore", "MongoDB restore", "backup detection", "database_backup.sql", "database_backup.db", "database_backup.archive"], "state": 2, "file_id": 2, "knowledge_revision": 10, "git_revision": "b1effeda80093bb7f34446d02381398c4fa2f549", "hash": "67505395c0df4c9c001ab8f47571f3fb", "format-version": 4, "code-base-name": "messenger_database", "filename": "messenger_database/restore_db.sh", "revision_history": [{"10": "b1effeda80093bb7f34446d02381398c4fa2f549"}]}