{"is_source_file": true, "format": "HTML", "description": "HTML source code for a web-based database browser interface with embedded CSS and JavaScript for fetching and displaying databases, tables, and data.", "external_files": ["/api/databases", "/api/{db}/tables", "/api/{db}/tables/{table}/data?limit=50"], "external_methods": ["fetchData (/api/databases)", "fetchData (/api/{db}/tables)", "fetchData (/api/{db}/tables/{table}/data?limit=50)"], "published": [], "classes": [], "methods": [{"name": "loadDatabases", "description": "Fetches the list of databases and displays them in the sidebar."}, {"name": "refreshDatabases", "description": "Refreshes the list of databases, resets current selections, and updates UI."}, {"name": "toggleDatabase", "description": "Expands or collapses the list of tables for a selected database."}, {"name": "loadTables", "description": "Fetches tables for a selected database and displays them."}, {"name": "loadTableData", "description": "Fetches data from a selected table and renders it in a table format."}, {"name": "renderTable", "description": "Generates HTML for table data and inserts it into the DOM."}, {"name": "renderCell", "description": "Renders individual cell content, providing expandability for long text or objects."}, {"name": "expandCell", "description": "Enables expanding or collapsing cell content for long strings or objects."}], "calls": ["fetchData (/api/databases)", "fetchData (/api/{db}/tables)", "fetchData (/api/{db}/tables/{table}/data?limit=50)"], "search-terms": ["HTML database viewer", "embedded JavaScript data fetch", "dynamic table rendering", "Expandable table cells", "Database list", "Table data display", "Side navigation database"], "state": 2, "file_id": 4, "knowledge_revision": 14, "git_revision": "b1effeda80093bb7f34446d02381398c4fa2f549", "hash": "ee63333a4841bf025439c755a74c9881", "format-version": 4, "code-base-name": "messenger_database", "filename": "messenger_database/db_visualizer/public/index.html", "revision_history": [{"14": "b1effeda80093bb7f34446d02381398c4fa2f549"}]}