{"is_source_file": true, "format": "bash", "description": "This is a shell script designed to detect and create backups for various types of databases (SQLite, PostgreSQL, MySQL, MongoDB). It checks for database presence, verifies connectivity, and performs backups accordingly.", "external_files": ["/usr/lib/postgresql/", "/var/run/mysqld/mysqld.sock"], "external_methods": ["ls", "cp", "sudo -u postgres pg_isready", "sudo mysqladmin", "mysqladmin", "mysql", "mysqldump", "mongosh", "mongodump"], "published": [], "classes": [], "methods": [], "calls": ["ls /usr/lib/postgresql/", "cp \"${DB_NAME}\" \"database_backup.db\"", "sudo -u postgres ${PG_BIN}/pg_isready -p ${DB_PORT}", "mysqladmin ping -h localhost -P ${DB_PORT} --silent", "sudo mysqladmin ping --socket=/var/run/mysqld/mysqld.sock --silent", "mysql -h localhost -P ${DB_PORT} -u ${DB_USER} -p${DB_PASSWORD}", "mysqldump -h localhost -P ${DB_PORT} -u ${DB_USER} -p${DB_PASSWORD} --databases ${DB_NAME} --add-drop-database --routines --triggers --single-transaction", "mysql -h localhost -P ${DB_PORT} -u root -p${DB_PASSWORD}", "sudo mysql --socket=/var/run/mysqld/mysqld.sock -u root -p${DB_PASSWORD}", "sudo mysqldump --socket=/var/run/mysqld/mysqld.sock -u root -p${DB_PASSWORD}", "mongosh --port ${DB_PORT} --eval \"db.adminCommand('ping')\"", "mongodump --port ${DB_PORT} --db ${DB_NAME} --archive=database_backup.archive --quiet"], "search-terms": ["backup_db.sh", "database backup shell script", "SQLite PostgreSQL MySQL MongoDB detection", "database backup automation", "database connection check"], "state": 2, "file_id": 1, "knowledge_revision": 13, "git_revision": "b1effeda80093bb7f34446d02381398c4fa2f549", "hash": "7af9aa35fa4940f934d83f6e2621b732", "format-version": 4, "code-base-name": "messenger_database", "filename": "messenger_database/backup_db.sh", "revision_history": [{"13": "b1effeda80093bb7f34446d02381398c4fa2f549"}]}