{"is_source_file": true, "format": "bash script", "description": "A startup script for initializing and managing a PostgreSQL database server, including checks if the server is running, initialization of the data directory, starting the server, creating database and user, setting permissions, and saving connection info.", "external_files": ["/usr/lib/postgresql/{version}/bin/pg_isready", "/usr/lib/postgresql/{version}/bin/psql", "/usr/lib/postgresql/{version}/bin/initdb", "/usr/lib/postgresql/{version}/bin/postgres", "/var/lib/postgresql/data", "db_connection.txt", "db_visualizer/postgres.env"], "external_methods": ["ls", "sleep", "pgrep", "cat", "sudo -u postgres pg_isready", "sudo -u postgres psql", "sudo -u postgres initdb", "sudo -u postgres postgres", "sudo -u postgres createdb"], "published": [], "classes": [], "methods": [], "calls": ["/usr/lib/postgresql/{version}/bin/pg_isready", "/usr/lib/postgresql/{version}/bin/psql", "/usr/lib/postgresql/{version}/bin/initdb", "/usr/lib/postgresql/{version}/bin/postgres", "/usr/lib/postgresql/{version}/bin/createdb", "cat", "sleep", "pgrep"], "search-terms": ["PostgreSQL startup", "database initialization", "pg_isready", "start PostgreSQL", "create user", "set permissions", "initialize PostgreSQL"], "state": 2, "file_id": 3, "knowledge_revision": 12, "git_revision": "b1effeda80093bb7f34446d02381398c4fa2f549", "hash": "fa2aa67ea0a7c72f7c0958282f15a864", "format-version": 4, "code-base-name": "messenger_database", "filename": "messenger_database/startup.sh", "revision_history": [{"12": "b1effeda80093bb7f34446d02381398c4fa2f549"}]}