{"is_source_file": false, "format": "", "description": "", "external_files": [], "external_methods": [], "published": [], "classes": [], "methods": [], "calls": [], "search-terms": [], "state": 2, "file_id": 7, "knowledge_revision": 11, "git_revision": "f725808fa44433110ea0019325745705cb0a6248", "hash": "52111739eb896adf9b08b3424dab2748", "format-version": 4, "code-base-name": "messenger_database", "filename": "README.md", "revision_history": [{"11": "f725808fa44433110ea0019325745705cb0a6248"}]}